instrument_code,instrument_name,sub_security_type,currency,first_held_since_cutoff,last_held,maturity_date,funds,reference_rate
ABFN61,ABSA Bank Ltd FRN ABFN61 JB3+132 240228,FRN,ZAR,2026-05-04,2026-08-21,2028-02-24,PCSHQ,JIBAR
ABFN63,ABSA Bank Ltd FRN ABFN63 JB3+105 280626,FRN,ZAR,2026-05-04,2026-06-26,2026-06-29,"CCTCSH,PCSHQ,PEYF",JIBAR
ABFN66,ABSA Bank Ltd FRN ABFN66 JB3+103 150926,FRN,ZAR,2026-05-04,2026-08-21,2026-09-15,AFLMMF,JIBAR
ABFN68,ABSA Bank Ltd FRN ABFN68 JB3+128 150930,FRN,ZAR,2026-05-04,2026-08-21,2030-09-15,"BCIFIF,IPIPF,MASAINC,PWMIPF_P",JIBAR
ABFN69,ABSA Bank Ltd FRN ABFN69 JB3+107 071226,FRN,ZAR,2026-05-04,2026-08-21,2026-12-07,"BCIFIF,PCMMF,PIPF,PMMF",JIBAR
ABGN03,Absa Bank Ltd ABGN03 JB3+155 270629,FRN,ZAR,2026-05-04,2026-08-21,2029-06-27,AFLMMF,JIBAR
ABGN07,Absa Bank Ltd ABGN07 JB3+83 080828,FRN,ZAR,2026-05-04,2026-08-21,2028-08-08,AFLMMF,JIBAR
ABGN08,Absa Bank Ltd ABGN08 JB3+100 080830,FRN,ZAR,2026-05-04,2026-08-21,2030-08-08,AFLMMF,JIBAR
ABJ05,AFRICAN BANK LTD RSA ABJ05 JB3+300 300327 (20270330),CLN,ZAR,2026-05-04,2026-08-21,2027-03-30,PIF,JIBAR
ABJ11,African Bank Limited ABJ11 JB3+257 280728,FRN,ZAR,2026-05-04,2026-08-21,2028-07-28,PIPFP,JIBAR
ABSAF080327,Absa FRN JB3+127.5 080327,FRN,ZAR,2026-05-04,2026-08-21,2027-03-08,AFLMMF,JIBAR
ABSAF160926,Absa FRN JB3+50 160926,FRN,ZAR,2026-05-04,2026-08-21,2026-09-16,"ADVMM,CMPFCASH,HOLMMF,IJGMMF,MASAMMF,PMMF,PRLMMF,SABCCSHF,SASRMM,SYMMMF,UOZMMF",JIBAR
AGL04,Absa Group Ltd AGL04 JB3+175 210929,FRN,ZAR,2026-05-04,2026-08-21,2029-09-21,"HOLYPF,PEYF",JIBAR
AGLG02,Absa Group Ltd AGLG02 JB3+172 260828,FRN,ZAR,2026-05-04,2026-08-21,2028-08-26,"BCIFIF,IPIPF,MASAINC,PEYF,PWMIPF_P",JIBAR
AGRI03,Agrarius Sustainability Engineered (Rf) Limited AGRI03 JB6+375 300928,FRN,ZAR,2026-05-04,2026-08-21,2028-09-30,PIPFP,JIBAR
AGRIB1,Agrarius Sustainability Engineered (Rf) Limited AGRIB1 JB6+425 310327,FRN,ZAR,2026-05-04,2026-08-21,2027-03-31,PIPFP,JIBAR
AGT06,ABSA FRN AGT06 JB3+294 310828,FRN,ZAR,2026-05-04,2026-08-18,2028-10-31,"BCIFIF,IPIPF,MASAINC,PWMIPF_P",JIBAR
AGT07,ABSA FRN AGT07 JB3+290 140529,FRN,ZAR,2026-05-04,2026-08-18,2029-05-14,"3BBCIINC,AMMARF,ASHFLX,ENGENIP,GRFINV,HOLADC,HOLDINC,HOLIDC,MASAINC,MEDINC,MOMBBF,NGKINC,PIF,PIPF,PIPFP,PORFIP,PPSFLEX,PSIF,PSTIF,SAAMINC,SILAIF,STBFIP,UCTINC,USAIPF",JIBAR
AH6A11,Amber House Fund FRN AH6A11 JB3+102 210829(210863),FRN,ZAR,2026-08-11,2026-08-21,2029-08-21,"AFLMMF,CCTCSH,HOLYPF,PIPF",JIBAR
AMF6B1,Amber House Fund FRN AMF6B1 JB3+129 210831(210863),FRN,ZAR,2026-08-11,2026-08-21,2031-08-21,"3BBCIINC,AMMARF,ASHFLX,BCIFIF,CMPFINC,ENGENIP,GRFINV,HOLDINC,IPIPF,MASAINC,MEDINC,MOMBBF,MYQIP,NGKINC,OMMAIF,PIPF,PORFIP,PPSFLEX,PSIF,PSTIF,PTIF,PWMIPF_P,SAAMINC,SDINCPM,SILAIF,STBFIP,UCTINC,USAIPF",JIBAR
AMF6C1,Amber House Fund FRN AMF6C1 JB3+158 210831(210863),FRN,ZAR,2026-08-11,2026-08-21,2031-08-21,"3BBCIINC,AMMARF,ASHFLX,BCIFIF,CMPFINC,ENGENIP,GRFINV,HOLDINC,IPIPF,MASAINC,MEDINC,MOMBBF,MYQIP,NGKINC,OMMAIF,PIPF,PORFIP,PPSFLEX,PSIF,PSTIF,PTIF,PWMIPF_P,SAAMINC,SDINCPM,SILAIF,STBFIP,UCTINC,USAIPF",JIBAR
AMF6D1,Amber House Fund FRN AMF6D1 JB3+245 210831(210863),FRN,ZAR,2026-08-11,2026-08-21,2031-08-21,PIPFP,JIBAR
APF24,Accelerate Property Fund APF24 JB3+350 310327,FRN,ZAR,2026-05-04,2026-08-21,2027-03-31,"3BBCIINC,ASHFLX,CMPFCASH,CMPFINC,ENGENIP,GRFINV,HOLDINC,HOLYPF,HOSMED,IJGIPF,IJGMMF,IMPALA,IPIPF,MASAINC,MEDINC,MOMBBF,MOMIPF,NGKINC,PCSHQ,PEYF,PFFIF,PIF,PIPF,PIPFP,PORFIP,PPSFLEX,PSIF,PSTIF,PTIF,SAAMINC,SDINCPM,STBFIP,TRFINC,TRFWLTH,UCT3YQ,UCTINC,UCTRFINC,USAIPF",JIBAR
ASC013,Absa Nedbank Group CLN ASC013 JB3+327.5 060428,CLN,ZAR,2026-05-04,2026-08-21,2028-04-06,"ASHFLX,GRFINV,HOLDINC,HOLYPF,IPIPF,MASAINC,NGKINC,PFFIF,PIPF,PIPFP,PORFIP,PSTIF,PWMIPF_P,SAAMINC,SDINCPM,SILAIF,TRFINC,UCTINC,USAIPF",JIBAR
ASC014,ABSA Standardbank CLN ASC014 JB3+327.5 060428,CLN,ZAR,2026-05-04,2026-08-21,2028-04-06,"ASHFLX,GRFINV,HOLDINC,HOLYPF,IPIPF,MASAINC,NGKINC,PFFIF,PIPF,PORFIP,PSTIF,PWMIPF_P,SAAMINC,TRFINC,UCTINC,USAIPF",JIBAR
ASC015,Absa FirstRand Bank CLN ASC015 JB3+327.5 060428,CLN,ZAR,2026-05-04,2026-08-21,2028-04-06,"ASHFLX,GRFINV,HOLDINC,HOLYPF,IPIPF,MASAINC,NGKINC,PFFIF,PIPF,PIPFP,PORFIP,PSTIF,PWMIPF_P,SAAMINC,SILAIF,TRFINC,UCTINC,USAIPF",JIBAR
ASC046,ABSA BANK ASC046 JB3+300.5 230831 (20310823),CLN,ZAR,2026-05-04,2026-08-21,2031-08-23,"PIMIDF,PIPFP",JIBAR
ASC063,ABSA MTN CLN ASC063 JB3+187 150928,CLN,ZAR,2026-05-04,2026-08-21,2028-09-15,"3BBCIINC,CMPFINC,GRFINV,HOLDINC,IPIPF,MASAINC,NGKINC,PIPF,PPSFLEX,PSIF,PSTIF,PTIF,PWMIPF_P,SDINCPM,SILAIF,STBFIP,TRFINC,UCTINC,USAIPF",JIBAR
ASC068,ABSA RSA CLN ASC068 JB3+300 280235,CLN,ZAR,2026-05-04,2026-08-21,2035-02-28,"AFLMMF,IMPALA",JIBAR
ASC071,ABSA DBSA CLN ASC071 JB3+267 131030,CLN,ZAR,2026-05-04,2026-08-21,2030-10-13,PIPFP,JIBAR
ASC103,ABSA City Of Cape Town CLN ASC103 JB3+317 190231,FRN,ZAR,2026-05-04,2026-08-21,2031-02-19,PIPFP,JIBAR
ASC159,ABSA RSA CLN ASC159 JB3+200 310232,CLN,ZAR,2026-05-04,2026-08-21,2032-03-31,"3BBCIINC,AMMARF,ASHFLX,CMPFINC,ENGENIP,HOLDINC,IPIPF,MEDINC,MOMBBF,NGKINC,OMMAIF,PFFIF,PIPF,PIPFP,PORFIP,PPSFLEX,PSIF,PSTIF,PTIF,PWMIPF_P,SAAMINC,STBFIP,UCTINC,USAIPF",JIBAR
ASC162,ABSA RSA CLN ASC162 JB3+210 310140,CLN,ZAR,2026-05-04,2026-08-21,2040-01-31,"3BBCIINC,AMMARF,ASHFLX,CMPFINC,ENGENIP,HOLDINC,IPIPF,MASAINC,MEDINC,MOMBBF,NGKINC,OMMAIF,PEYF,PIPF,PORFIP,PPSFLEX,PSIF,PSTIF,PTIF,PWMIPF_P,SAAMINC,SDINCPM,SILAIF,STBFIP,UCTINC,USAIPF",JIBAR
ASC163,ABSA RSA CLN ASC163 JB3+180 310332,CLN,ZAR,2026-05-04,2026-08-21,2032-03-31,"3BBCIINC,AMMARF,ASHFLX,CMPFINC,ENGENIP,HOLDINC,IPIPF,MASAINC,MEDINC,MOMBBF,NGKINC,OMMAIF,PEYF,PIPF,PORFIP,PPSFLEX,PSIF,PSTIF,PTIF,PWMIPF_P,SAAMINC,SDINCPM,SILAIF,STBFIP,UCTINC,USAIPF",JIBAR
ASC177,ABSA RSA CLN ASC177 JB3+160 310332,CLN,ZAR,2026-05-04,2026-08-21,2032-03-31,PEYF,JIBAR
ASC185,ABSA LTD MTN CLN ASC185 JB3+180 311029,CLN,ZAR,2026-05-04,2026-08-21,2029-10-31,"PIPF,STBFIP",JIBAR
ASC187,ABSA LTD MTN CLN ASC187 JB3+177 071129,CLN,ZAR,2026-05-04,2026-08-21,2029-11-07,"3BBCIINC,AMMARF,ASHFLX,CMPFINC,IPIPF,MASAINC,MOMBBF,NGKINC,PIPF,PORFIP,PSIF,PTIF,SAAMINC,SDINCPM,SILAIF,STBFIP,UCTINC,USAIPF",JIBAR
ASC189,ABSA LTD MTN CLN ASC189 JB3+219 130929,CLN,ZAR,2026-05-04,2026-08-21,2029-09-13,PIPFP,JIBAR
ASC190,ABSA Transet SOC CLN ASC190 JB3+312 141127,CLN,ZAR,2026-05-04,2026-08-21,2027-11-14,"3BBCIINC,AMMARF,ASHFLX,CMPFINC,ENGENIP,GRFINV,HOLDINC,MASAINC,MOMBBF,NGKINC,PEYF,PIPF,PIPFP,PPSFLEX,PSIF,PSTIF,PTIF,PWMIPF_P,SILAIF,STBFIP,UCTINC,USAIPF",JIBAR
ASC220,ABSA INDUSTRIAL DEVELOPMENT CORPORATION SA LTD CLN ASC220 JB3+220 251129,CLN,ZAR,2026-05-04,2026-08-21,2029-11-25,"3BBCIINC,AMMARF,ASHFLX,CMPFINC,ENGENIP,GRFINV,HOLADC,HOLDINC,HOLIDC,IPIPF,MASAINC,MEDINC,MOMBBF,MYQIP,NGKINC,OMMAIF,PFFIF,PIPF,PORFIP,PPSFLEX,PSIF,PSTIF,PTIF,PWMIPF_P,SAAMINC,SDINCPM,SILAIF,STBFIP,TRFINC,UCTINC,USAIPF",JIBAR
ASC248,ABSA Nedbank CLN ASC248 JB3+110 300428,FRN,ZAR,2026-05-04,2026-08-21,2028-04-30,"CMPFCASH,HOLYPF,IJGMMF,IMPALA,MOMIPF,PCSHQ,TRFWLTH,UCTRFINC",JIBAR
ASC251,Absa Super Groups Ltd CLN ASC251 JB3+162 030728,CLN,ZAR,2026-05-04,2026-08-21,2028-07-03,"3BBCIINC,AMMARF,ASHFLX,CMPFINC,ENGENIP,GRFINV,HOLYPF,IPIPF,MASAINC,MOMBBF,MYQIP,NGKINC,PEYF,PIPF,PORFIP,PSIF,PSTIF,PTIF,PWMIPF_P,SAAMINC,SDINCPM,SILAIF,STBFIP,UCTINC,USAIPF",JIBAR
ASC272,ABSA MTN CLN ASC272 JB3+175 020730,CLN,ZAR,2026-05-04,2026-08-21,2030-07-02,"HOLADC,HOLIDC,PIPF,TRFINC",JIBAR
ASC291,Absa Bank Limited RSA CLN ASC291 JB3+145 050930,CLN,ZAR,2026-05-04,2026-08-21,2030-09-05,"3BBCIINC,AMMARF,ASHFLX,BCIFIF,CMPFINC,HOLDINC,IPIPF,MASAINC,MEDINC,MOMBBF,MYQIP,NGKINC,PIPF,PPSFLEX,PSTIF,PTIF,PWMIPF_P,SAAMINC,SDINCPM,SILAIF,STBFIP,UCTINC,USAIPF",JIBAR
ASC315,Absa Bank Limited RSA CLN ASC315 JB3+118 301130,CLN,ZAR,2026-05-04,2026-08-21,2030-11-20,"BCIFIF,HOLYPF,IPIPF,MASAINC,OMMAIF,PEYF,PIPF,PTIF,PWMIPF_P",JIBAR
ASN545,Absa Bank RSA ASN545 JB3+271 310723 (20370131),CLN,ZAR,2026-05-04,2026-08-21,2028-07-31,IMPALA,JIBAR
ASN611,ABSA RSA ASN611 JB3+360 (Cap = 11.285%) 310326 (310332),CLN,ZAR,2026-05-04,2026-08-21,2027-03-31,"AFLMMF,IMPALA",JIBAR
ASN614,ABSA RSA FRN ASN614 JB3+225 211226,FRN,ZAR,2026-05-04,2026-08-21,2027-12-21,OMMAIF,JIBAR
ASN627,Absa Bank RSA CLN ASN627 JB3+369 280227,CLN,ZAR,2026-05-04,2026-08-21,2027-02-28,"AFLMMF,IMPALA",JIBAR
ASN904,ABSA CLN ASN904 JB3+200 200626,CLN,ZAR,2026-05-04,2026-06-19,2026-06-20,PIPFP,JIBAR
ASN913,Absa Bank RSA CLN ASN913 JB3+320 280235,CLN,ZAR,2026-05-04,2026-08-21,2035-02-28,IMPALA,JIBAR
ASN916,Absa Bank RSA CLN ASN916 JB3+320 280235,CLN,ZAR,2026-05-04,2026-08-21,2035-02-28,IMPALA,JIBAR
ASN917,Absa Bank RSA CLN ASN917 JB3+300 280235,CLN,ZAR,2026-05-04,2026-08-21,2035-02-28,IMPALA,JIBAR
ASN980,Absa Bank Ltd ASN980 JB3+208 020429,CLN,ZAR,2026-05-04,2026-08-21,2029-04-02,"PFFIF,PIPFP",JIBAR
ASN982,ABSA BANK Ltd ASN982 JB3+240 150228 (20280215),FRN,ZAR,2026-05-04,2026-08-21,2028-02-15,PIPFP,JIBAR
BDX35,Blue Diamond X Investments (RF) Ltd BDX35 FRN JB3+321 160626 (160933),FRN,ZAR,2026-05-04,2026-06-15,2026-06-16,"AFLMMF,IMPALA",JIBAR
BERG111244,Bergriver Senior 111244 JB3+225,WHOLE LOAN,ZAR,2026-05-04,2026-08-21,2044-12-11,"PIMEVO,PIMIDF",JIBAR
BPPF54,BNP Paribas SA BPPF54 FRN JB3+72 120926,FRN,ZAR,2026-05-04,2026-08-21,2026-09-12,"CCTCSH,CMPFCASH,OMLMMF,PCSHQ,PEYF,SABCCSHF",JIBAR
BPPF56,BNP Paribas SA BPPF56 FRN JB3+99 120928,FRN,ZAR,2026-05-04,2026-08-21,2028-09-12,"CCTCSH,HOLYPF,IJGMMF,IMPALA,MOMIPF,PCSHQ,PEYF,TRFWLTH,UCTRFINC",JIBAR
BTNC12,Burstone Group Ltd JB3+50 310726,FRN,ZAR,2026-05-04,2026-07-29,2026-07-31,"ADVMM,HOLMMF,MASAMMF,MASASI,OMLMMF,PMMF,PRLMMF,SABCCSHF,SASRMM,SISMMF,SYMMMF,UOZMMF",JIBAR
BWNDF030130,Bankwindhoek FRN JB3+40 030130,FRN,NAD,2026-05-04,2026-08-21,2030-01-03,PPSNAM,JIBAR
BWNDF110230,Bank Of Windhoek FRN JB3+38 110230,FRN,NAD,2026-05-04,2026-08-21,2030-02-11,PPSNAM,JIBAR
BWNDF130230,Bank Of Windhoek FRN JB3+38 130230,FRN,NAD,2026-05-04,2026-08-21,2030-02-13,PPSNAM,JIBAR
BWNDF140529,Bank of Windhoek FRN JB3+28 140529,FRN,NAD,2026-05-04,2026-08-21,2029-05-14,PPSNAM,JIBAR
BWNDF170429,Bank Of Windhoek FRN JB3+28 170429,FRN,NAD,2026-05-04,2026-08-21,2029-04-17,PPSNAM,JIBAR
CGR60,Calgro M3 Developments Proprietary Limited FRN JB3+433 291229,FRN,ZAR,2026-05-04,2026-08-21,2029-12-12,PIPFP,JIBAR
CGR62,Calgro M3 Developments Proprietary Ltd CGR62 FRN JB3+390 290129,FRN,ZAR,2026-05-04,2026-08-21,2029-01-29,PFFIF,JIBAR
CIG04,Consolidated CIG04 FRN 010419 JB3+310,FRN,ZAR,2026-05-04,2026-08-21,2027-01-29,MOMBBRF,JIBAR
CL583U,Standardbank Simacel CLN JB3+265 050133,CLN,ZAR,2026-05-04,2026-08-21,2033-01-05,PIMIDF,JIBAR
CLN614,Standard Bank CLN DBSA JB3+175 CLN614 301123,CLN,ZAR,2026-05-04,2026-05-29,2026-05-31,"3BBCIINC,AFLMMF,AMMARF,ASHFLX,CMPFCASH,CMPFINC,ENGENIP,GRFINV,HOLDINC,IPIPF,MASAINC,MOMBBF,MOMIPF,NGKINC,PCSHQ,PIPF,PORFIP,PPSFLEX,PSIF,PSTIF,PWMIPF_P,SAAMINC,SABCCSHF,SDINCPM,STBFIP,TRFINC,UCTINC,UCTRFINC,USAIPF",JIBAR
CLN634,Standard Bank CLN Telkom SOC JB3+210 CLN634 090227,CLN,ZAR,2026-05-04,2026-08-21,2027-02-09,"3BBCIINC,AMMARF,ASHFLX,CMPFCASH,CMPFINC,ENGENIP,GRFINV,HOLDINC,HOLYPF,HOSMED,IMPALA,IPIPF,MASAINC,MOMBBF,NGKINC,PCSHQ,PEYF,PIPF,PORFIP,PSIF,PSTIF,PTIF,PWMIPF_P,SAAMINC,STBFIP,TRFINC,TRFWLTH,UCT3YQ,UCTINC,UCTRFINC,USAIPF",JIBAR
CLN646,Standard Bank IDC CLN646 JB3+237 290127,CLN,ZAR,2026-05-04,2026-08-21,2027-01-29,AFLMMF,JIBAR
CLN744,Standard Bank RSA CLN744 JB3+317 310130,FRN,ZAR,2026-05-04,2026-08-21,2030-01-31,OMMAIF,JIBAR
CLN746,Standard Bank RSA CLN746 JB3+332 280235,CLN,ZAR,2026-05-04,2026-08-21,2035-02-28,"AFLMMF,IMPALA",JIBAR
CLN829,RSA Standard Bank of SA Ltd CLN CLN829 JB3+300 310125 (310130),CLN,ZAR,2026-05-04,2026-08-21,2030-01-31,"HOLADC,HOLIDC,PIPF",JIBAR
CLN915,Standard Bank RSA CLN915 JB3+475 20321220,CLN,ZAR,2026-05-04,2026-08-21,2032-12-20,"3BBCIINC,AMMARF,ASHFLX,BCIFIF,ENGENIP,GRFINV,HOLDINC,HOLYPF,IJGIPF,IPIPF,MASAINC,MEDINC,MOMBBF,PIPF,PORFIP,PPSFLEX,PSIF,PWMIPF_P,SAAMINC,SDINCPM,STBFIP,UCTINC,USAIPF",JIBAR
CLN945,Standard Bank Sasol CLN945 JB3+305 200628,CLN,ZAR,2026-05-04,2026-08-21,2028-06-20,"3BBCIINC,AMMARF,ASHFLX,BCIFIF,ENGENIP,GRFINV,HOLDINC,HOLYPF,IJGIPF,IPIPF,MASAINC,MEDINC,MOMBBF,PIPF,PORFIP,PPSFLEX,PSIF,PWMIPF_P,SAAMINC,SDINCPM,STBFIP,UCTINC,USAIPF",JIBAR
CLN947,Standardbank Sasol CLN947 JB3+320 200628,CLN,ZAR,2026-05-04,2026-08-21,2028-06-20,"3BBCIINC,AMMARF,ASHFLX,BCIFIF,ENGENIP,GRFINV,HOLDINC,HOLYPF,IJGIPF,IPIPF,MASAINC,MEDINC,MOMBBF,PIPF,PORFIP,PPSFLEX,PSIF,PWMIPF_P,SAAMINC,SDINCPM,STBFIP,UCTINC,USAIPF",JIBAR
CLN962,Standard Bank RSA CLN962 JB3+300 300926 (20320331),CLN,ZAR,2026-05-04,2026-08-21,2026-09-30,PIPFP,JIBAR
CLN994,Standard Bank Sasol CLN994 JB3+355 201228,CLN,ZAR,2026-05-04,2026-08-21,2028-12-20,"3BBCIINC,AMMARF,ASHFLX,BCIFIF,ENGENIP,GRFINV,HOLDINC,IPIPF,MASAINC,MEDINC,MOMBBF,PIPF,PORFIP,PPSFLEX,PSIF,PWMIPF_P,SAAMINC,SDINCPM,STBFIP,UCTINC,USAIPF",JIBAR
CREDEONERHEA280328A,CREDE ONE RHEA SPV4 JB3+0 280328,FRN,ZAR,2026-05-04,2026-08-21,2028-03-28,"PIMIDF,PIPFP",JIBAR
DSY06,Discovery Ltd DSY06 JB3+173bps 210527,FRN,ZAR,2026-05-04,2026-08-21,2027-05-21,"BCIFIF,CCTCSH,CMPFCASH",JIBAR
DSYC04,Discovery Ltd DSYC04 JB3+69 100327,FRN,ZAR,2026-05-04,2026-08-21,2027-03-10,"ADVMM,CMPFCASH,HOLMMF,LNBINS,LNBLIN,MASAMMF,MASASI,OMLMMF,PMMF,PRLMMF,SABCCSHF,SASRMM,SISMMF,SYMMMF,UOZMMF",JIBAR
DTF006,DAIMLER TRUCK SOUTHERN AFRICA Ltd RSA DTF006 JB3+103 150626,FRN,ZAR,2026-05-04,2026-06-12,2026-06-15,"ADVMM,HOLMMF,PMMF",JIBAR
DTP08U,Daimler Truck Southern Africa Limited DTP08U JB3+90 081126,VB,ZAR,2026-08-14,2026-08-21,2026-11-08,"ADVMM,HOLMMF,OMLMMF,PMMF,SISMMF,SYMMMF,UOZMMF",JIBAR
DVF27,DBSA FRN Bond DVF27 JB3+183 020429,FRN,ZAR,2026-05-04,2026-08-21,2029-04-02,PIF,JIBAR
DVF29,Development Bank SA FRN JB3+185 DVF29 270628,FRN,ZAR,2026-05-04,2026-08-21,2029-06-27,"ENGENIP,MYQIP,PIF,SAAMINC,TRFINC",JIBAR
DVF31C,Development Bank SA JB3+200 DVF31C 151224 080731,FRN,ZAR,2026-05-04,2026-08-21,2031-07-08,PIPFP,JIBAR
DVF35B,DBSA FRN DVF35B JB3+195 171035,FRN,ZAR,2026-07-01,2026-08-21,2035-10-17,PIPFP,JIBAR
DVF35C,DBSA FRN DVF35C JB3+192 201135,FRN,ZAR,2026-07-01,2026-08-21,2035-11-20,PIPFP,JIBAR
DVFB26,Development Bank SA DVFB26 JB3+164 310526,FRN,ZAR,2026-05-04,2026-05-29,2026-05-31,"HOLYPF,PIF",JIBAR
EAGLESA300432,Eagle FRN 300432 JB3+495,WHOLE LOAN,ZAR,2026-05-04,2026-08-21,2032-04-30,PIMIDF,JIBAR
ENELADAMS,Adams Wind Farm Loan JB3+230 311228,WHOLE LOAN,ZAR,2026-05-04,2026-08-21,2028-12-31,PIMEVO,JIBAR
ENELGIBSON,Gibson Bay Wind Farm Loan JB3+230 311228,WHOLE LOAN,ZAR,2026-05-04,2026-08-21,2028-12-31,PIMEVO,JIBAR
ENELNOJOLI,Nojoli Wind Farm Loan JB3+230 311228,WHOLE LOAN,ZAR,2026-05-04,2026-08-21,2028-12-29,PIMEVO,JIBAR
ENELPALEIS,Paleisheuwel Solar Farm Loan JB3+230 311228,WHOLE LOAN,ZAR,2026-05-04,2026-08-21,2028-12-31,PIMEVO,JIBAR
ENELPULIDA,Pulida Solar Farm Loan JB3+230 311228,WHOLE LOAN,ZAR,2026-05-04,2026-08-21,2028-12-31,PIMEVO,JIBAR
ENELTOM,Tom Burke Solar Farm Loan JB3+230 311228,WHOLE LOAN,ZAR,2026-05-04,2026-08-21,2028-12-31,PIMEVO,JIBAR
EQT027,Equites Property Fund Ltd EQT027 JB3+83 150526,FRN,ZAR,2026-05-04,2026-05-14,2026-05-15,"ADVMM,CCTCSH,CMPFCASH,HOLMMF,IJGMMF,IMPALA,MASAMMF,MASASI,MOMIPF,OMLMMF,PCSHQ,PMMF,PRLMMF,SABCCSHF,SASRMM,SISMMF,SYMMMF,TRFWLTH,UCT3YQ,UCTINC,UOZMMF",JIBAR
FIFB34,Fortress Income FRN FIFB34 JB3+95 250329,FRN,ZAR,2026-05-04,2026-08-21,2029-03-25,AFLMMF,JIBAR
FNBJ28S,Firstrand Namibia FRN JB3+78 240328,FRN,NAD,2026-05-04,2026-08-21,2028-03-24,"IJGIPF,IJGMMF,PPSNAM",JIBAR
FR28SB,Firstrand FRN JB3+85 FR28SB 010428,FRN,ZAR,2026-05-04,2026-08-21,2028-04-01,AFLMMF,JIBAR
FRB35,Firstrand Bank Ltd FRB35 JB3+190 060233,FRN,ZAR,2026-05-04,2026-08-21,2028-02-07,"3BBCIINC,AFLMMF,AMMARF,ASHFLX,BCIFIF,CCTCSH,CMPFINC,ENGENIP,GRFINV,HOLDINC,HOLYPF,HOSMED,IMPALA,IPIPF,MASAINC,MEDINC,MOMBBF,MOMIPF,MYQIP,NGKINC,PCSHQ,PEYF,PIF,PIPF,PORFIP,PPSFLEX,PSIF,PSTIF,PTIF,PWMIPF_P,SAAMINC,SDINCPM,SILAIF,STBFIP,TRFINC,TRFWLTH,UCT3YQ,UCTINC,UCTRFINC,USAIPF",JIBAR
FRB36,Firstrand Bank Ltd FRB36 JB3+188 140933,FRN,ZAR,2026-05-04,2026-08-21,2028-09-14,PEYF,JIBAR
FRB38,Firstrand Bank Ltd FRB38 JB3+296 060529,FRN,ZAR,2026-05-04,2026-08-21,2029-05-06,BCIFIF,JIBAR
FRB39,FirstRand FRB39 JB3+290 131128,FRN,ZAR,2026-05-04,2026-08-21,2028-11-13,"OMMAIF,PIPF,PPSFLEX",JIBAR
FRB40,Firstrand Bank Ltd FRB40 JB3+186 110335,FRN,ZAR,2026-05-04,2026-08-21,2030-03-11,"ENGENIP,GRFINV,MASAINC,MEDINC,MYQIP,PIPF,PIPFP,PORFIP,PPSFLEX,PSIF,PWMIPF_P,USAIPF",JIBAR
FRB41,Firstrand Bank Ltd FRB41 JB3+290 120629,FRN,ZAR,2026-05-04,2026-08-18,2029-06-12,"3BBCIINC,AMMARF,ASHFLX,ENGENIP,GRFINV,HOLADC,HOLIDC,IJGIPF,MASAINC,MEDINC,MOMBBF,NGKINC,OMMAIF,PIF,PIPF,PIPFP,PORFIP,PPSFLEX,PSIF,PSTIF,SAAMINC,SILAIF,STBFIP,UCTINC,USAIPF",JIBAR
FRB42,Firstrand Bank Ltd FRB42 JB3+284 260930,FRN,ZAR,2026-05-04,2026-08-18,2030-09-26,"IPIPF,OMMAIF,PIPF",JIBAR
FRB44,Firstrand Bank Ltd FRB44 JB3+262 090631,FRN,ZAR,2026-05-04,2026-08-18,2031-06-09,"AMMARF,ENGENIP,GRFINV,HOLADC,HOLIDC,HOLYPF,IJGIPF,IPIPF,LEZAFFI,MEDINC,MYQIP,NGKINC,PEYF,PFFIF,PIF,PIPF,PIPFP,PORFIP,PSIF,PSTIF,PTIF,PWMIPF_P,SAAMINC,SILAIF,UCTINC,USAIPF",JIBAR
FRC348,FirstRand RSA FRC348 CLN JB3+295.1 310728,CLN,ZAR,2026-05-04,2026-08-21,2028-07-31,"AFLMMF,IMPALA",JIBAR
FRC349,FirstRand Bank RSA FRC349 JB3+260 310728,CLN,ZAR,2026-05-04,2026-08-21,2028-07-31,"AFLMMF,IMPALA",JIBAR
FRC351,Firstrand RSA CLN FRC351 280226 JB3+250,CLN,ZAR,2026-05-04,2026-08-21,2035-02-28,IMPALA,JIBAR
FRC353,Firstrand Bank RSA CLN FRC353 JB3+270 310137,CLN,ZAR,2026-05-04,2026-08-21,2037-01-31,"AFLMMF,IMPALA",JIBAR
FRC360,Firstrand RSA CLN FRC360 JB3+240 310124,CLN,ZAR,2026-05-04,2026-08-21,2027-01-29,IMPALA,JIBAR
FRC363,FirstRand Republic of Namibia FRC363 JB3+236 010826,CLN,ZAR,2026-05-04,2026-07-31,2026-08-01,IJGIPF,JIBAR
FRC364,FirstRand RSA FRC364 JB3+356 280227 (280231),FRN,ZAR,2026-05-04,2026-08-21,2027-02-26,"AFLMMF,IMPALA",JIBAR
FRC365,FirstRand RSA FRC365 JB3+395.3 280228 (280235),FRN,ZAR,2026-05-04,2026-08-21,2028-02-28,IMPALA,JIBAR
FRC456,Firstrand Bank Ltd FRC456 JB3+320 180428,CLN,ZAR,2026-05-04,2026-08-21,2028-04-18,PIPFP,JIBAR
FRC481,FirstRand Bank Limited FRC481 JB3+400 200628,CLN,ZAR,2026-05-04,2026-08-21,2028-06-20,BCIFIF,JIBAR
FRD66U,Firstrand Telkom SA SOC LTD CLN FRD66U JB3+140 121227,CLN,ZAR,2026-05-04,2026-08-21,2027-12-13,"CMPFCASH,HOLYPF,IJGMMF,IMPALA,PCSHQ,PEYF,UCT3YQ,UCTRFINC",JIBAR
FRJ28,Firstrand FRN JB3+145 220628,FRN,ZAR,2026-05-04,2026-08-21,2028-06-22,"BCIFIF,IPIPF,MASAINC,PWMIPF_P",JIBAR
FRJ28G,Firstrand FRN JB3+119 121028,FRN,ZAR,2026-05-04,2026-08-21,2028-10-12,AFLMMF,JIBAR
FSRF070128,Firstrand FRN JB3+82.5 070128,FRN,ZAR,2026-05-04,2026-08-21,2028-01-07,"CCTCSH,CMPFCASH,MOMIPF,PCSHQ,PEYF",JIBAR
FSRF161026,Firstrand FRN JB3+72.5 161026,FRN,ZAR,2026-05-04,2026-08-21,2026-10-16,"CMPFCASH,SILAIF",JIBAR
FSRF291027,Firstrand FRN JB3+85 291027,FRN,ZAR,2026-05-04,2026-07-28,2027-10-29,"CCTCSH,CMPFCASH,HOSMED,MOMIPF,PCSHQ,PEYF,PIPF,PPSFLEX,TRFWLTH,UCTRFINC,USAIPF",JIBAR
FSRNF200330,Firsrand Namibia FRN 200330 JB3+35,FRN,NAD,2026-05-04,2026-08-21,2030-03-20,PPSNAM,JIBAR
GREENPOINT08122035,GREENPOINTB 08122035 JB3+600,WHOLE LOAN,ZAR,2026-05-04,2026-08-21,2035-12-08,PIPFP,JIBAR
H140T3,Harcourt Street 1 (RF) Limited H140T3 JB3+62 090526,FRN,ZAR,2026-05-04,2026-05-08,2026-05-09,"ADVMM,HOLMMF,PMMF,PRLMMF,SASRMM,SISMMF,SYMMMF,UOZMMF",JIBAR
H143T2,HARCOURT STREET 1 (RF) LIMITED H143T2 JB3+52 300626,FRN,ZAR,2026-05-04,2026-06-29,2026-06-30,"ADVMM,HOLMMF,OMLMMF,PMMF,PRLMMF,SASRMM,SISMMF,SYMMMF,UOZMMF",JIBAR
H143T3,HARCOURT STREET 1 (RF) LIMITED H143T3 JB3+45 300926,VB,ZAR,2026-06-30,2026-08-21,2026-09-30,"ADVMM,HOLMMF,OMLMMF,PMMF,PRLMMF,SASRMM,SISMMF,SYMMMF,UOZMMF",JIBAR
H1EDFIDC310144,H1 EDF FRN 310144 JB3+420,WHOLE LOAN,ZAR,2026-05-04,2026-08-21,2044-01-31,PIMIDF,JIBAR
H45T1U,HARCOURT STREET 1 (RF) LIMITED H45T1U JB3+52 300626,FRN,ZAR,2026-05-04,2026-06-29,2026-06-30,"ADVMM,HOLMMF,OMLMMF,PMMF,PRLMMF,SASRMM,SISMMF,SYMMMF",JIBAR
H45T2U,HARCOURT STREET 1 (RF) LIMITED SBFZ03 JB3+50 300926,FRN,ZAR,2026-06-30,2026-08-21,2026-09-30,"ADVMM,HOLMMF,OMLMMF,PMMF,PRLMMF,SASRMM,SISMMF,SYMMMF",JIBAR
IBL178,Investec IBL178 FRN JB3+135 190726,FRN,ZAR,2026-05-04,2026-07-17,2026-07-19,"AFLMMF,CCTCSH,CMPFCASH,HOLMMF,IJGMMF,MOMIPF,PCSHQ,SABCCSHF,SISMMF,SYMMMF,UCTRFINC",JIBAR
IBL325,INVESTEC BANK LIMITED IBL325 JB3+90 180626(180627),FRN,ZAR,2026-05-04,2026-06-17,2026-06-18,"CCTCSH,CMPFCASH,HOLYPF,IJGMMF,IMPALA,MOMIPF,PCSHQ,TRFWLTH,UCT3YQ,UCTINC,UCTRFINC",JIBAR
IDC02,Industrial Development Corp of SA IDC02 JB3+145 190229,FRN,ZAR,2026-05-04,2026-08-21,2029-02-19,"CCTCSH,CMPFCASH,HOLYPF,HOSMED,IJGMMF,IMPALA,MOMIPF,PCSHQ,TRFWLTH,UCT3YQ,UCTRFINC",JIBAR
IDC03,Industrial Development Corp of SA IDC03 JB3+165 190231,FRN,ZAR,2026-05-04,2026-08-21,2031-02-19,"3BBCIINC,AMMARF,ASHFLX,BCIFIF,CMPFINC,ENGENIP,GRFINV,HOLDINC,IJGIPF,IPIPF,LEZAFFI,MASAINC,MEDINC,MOMBBF,MYQIP,NGKINC,OMMAIF,PFFIF,PIF,PIPF,PORFIP,PPSFLEX,PSIF,PSTIF,PTIF,PWMIPF_P,SAAMINC,SDINCPM,SILAIF,STBFIP,TRFINC,UCTINC,USAIPF",JIBAR
IDCP08,Industrial Development Corp of SA IDCP08 JB3+199 190929,FRN,ZAR,2026-05-04,2026-08-21,2029-09-19,"CCTCSH,HOLYPF,PEYF,PFFIF,PIF",JIBAR
IDCS03,Industrial Development Corporation of South Africa Ltd IDCS03 JB3+230 280335,FRN,ZAR,2026-05-04,2026-08-21,2035-03-28,PIPFP,JIBAR
IDCS07,Industrial Development Corporation of South Africa Ltd IDCS07 JB3+200 230632,FRN,ZAR,2026-05-04,2026-08-21,2032-06-23,"PEYF,PFFIF",JIBAR
IDCS08,Industrial Development Corporation of South Africa Ltd IDCS08 JB3+200 030533,FRN,ZAR,2026-05-04,2026-08-21,2033-05-03,"3BBCIINC,AMMARF,ASHFLX,BCIFIF,CMPFINC,ENGENIP,GRFINV,HOLADC,HOLDINC,HOLIDC,IJGIPF,IPIPF,LEZAFFI,MASAINC,MEDINC,MOMBBF,MYQIP,NGKINC,OMMAIF,PEYF,PFFIF,PIF,PIPF,PIPFP,PORFIP,PPSFLEX,PSIF,PSTIF,PTIF,PWMIPF_P,SAAMINC,SDINCPM,SILAIF,STBFIP,UCTINC,USAIPF",JIBAR
INLV08,Investec FRN INLV08 JB3+480 120626,FRN,ZAR,2026-05-04,2026-06-17,2026-06-12,"CCTCSH,HOSMED,PCSHQ,PEYF,TRFWLTH,UCT3YQ",JIBAR
INLV09,Investec FRN INLV09 240826 JB3+440,FRN,ZAR,2026-05-04,2026-08-21,2026-08-24,"3BBCIINC,ASHFLX,ENGENIP,GRFINV,HOLADC,HOLDINC,HOLIDC,HOLYPF,IJGIPF,IPIPF,MASAINC,MEDINC,MOMBBF,NGKINC,PCSHQ,PIF,PIPF,PIPFP,PORFIP,PPSFLEX,PSIF,PSTIF,PTIF,SAAMINC,SDINCPM,SILAIF,STBFIP,TRFINC,UCTINC,USAIPF",JIBAR
INLV14,INVESTEC LTD INLV14 JB3+200 300928 (300633),FRN,ZAR,2026-05-04,2026-08-21,2028-09-30,"AMMARF,ASHFLX,ENGENIP,GRFINV,IPIPF,MASAINC,MEDINC,MOMBBF,PIPF,PORFIP,PSIF,SAAMINC,SDINCPM,SILAIF,TRFINC,UCTINC,USAIPF",JIBAR
INVTRSVARMARD,Investec TRS Variation Margin Account JB3+48,CD,ZAR,2026-05-04,2026-08-21,2050-12-31,"ELCIPF,MWPFEQU,NESEQU,NFMWEQU,PCCEF,PCEQTF,PSSPFEQU,SNPFEQU",JIBAR
IPF34,Investec Property Fund FRN IPF31 260324 JB3+175,FRN,ZAR,2026-07-02,2026-08-21,2026-12-15,"ADVMM,HOLMMF,MASAMMF,MASASI,OMLMMF,PMMF,PRLMMF,SABCCSHF,SISMMF,SYMMMF,UOZMMF",JIBAR
IVC239,Investec ABSA IVC239 JB3+260 020626 (20310602),CLN,ZAR,2026-05-04,2026-06-01,2026-06-02,"3BBCIINC,ASHFLX,CMPFINC,ENGENIP,GRFINV,HOLDINC,HOLYPF,IPIPF,MASAINC,MEDINC,MOMBBF,NGKINC,PFFIF,PIPF,PIPFP,PORFIP,PPSFLEX,PSIF,PSTIF,PTIF,PWMIPF_P,SAAMINC,SDINCPM,SILAIF,STBFIP,TRFINC,UCTINC,USAIPF",JIBAR
IVC240,Investec RSA IVC240 JB3+255 201227,CLN,ZAR,2026-05-04,2026-08-21,2027-12-20,IMPALA,JIBAR
IVC324,Investec Bank Ltd RSA FRN JB3+173 280235,CLN,ZAR,2026-05-04,2026-08-21,2035-02-28,"ASHFLX,CMPFINC,HOLADC,HOLDINC,HOLIDC,IPIPF,MASAINC,MEDINC,MOMBBF,MYQIP,NGKINC,OMMAIF,PEYF,PFFIF,PIPF,PPSFLEX,PSIF,PSTIF,PTIF,PWMIPF_P,SAAMINC,SDINCPM,SILAIF,STBFIP,UCTINC",JIBAR
IVC329,Investe RSA CLN IVC329 JB3+171 280235,CLN,ZAR,2026-05-04,2026-08-21,2035-02-28,"ASHFLX,CMPFINC,HOLADC,HOLDINC,HOLIDC,IPIPF,MASAINC,MEDINC,MOMBBF,MYQIP,NGKINC,OMMAIF,PEYF,PFFIF,PIPF,PPSFLEX,PSIF,PSTIF,PTIF,PWMIPF_P,SAAMINC,SDINCPM,SILAIF,STBFIP,UCTINC",JIBAR
IVC339,Investe RSA CLN IVC339 JB3+225 310137,CLN,ZAR,2026-05-04,2026-08-21,2037-02-02,"3BBCIINC,AMMARF,CMPFINC,ENGENIP,GRFINV,HOLADC,HOLIDC,IPIPF,MEDINC,MOMBBF,MYQIP,OMMAIF,PFFIF,PIPF,PORFIP,PPSFLEX,PSTIF,PWMIPF_P,SAAMINC,SDINCPM,SILAIF,STBFIP,UCTINC,USAIPF",JIBAR
IVC355,Investec RSA IVC355 CLN JB3+165 310127 (310137),CLN,ZAR,2026-05-04,2026-08-21,2027-01-31,PCSHQ,JIBAR
IVC356,Investec Discovery IVC356 CLN JB3+130 210727 (210129),CLN,ZAR,2026-05-04,2026-08-21,2027-07-21,"3BBCIINC,AFLMMF,AMMARF,ASHFLX,CMPFCASH,CMPFINC,ENGENIP,HOLDINC,HOLYPF,IJGMMF,IMPALA,IPIPF,MOMIPF,MYQIP,NGKINC,PIPF,PSTIF,PTIF,PWMIPF_P,SAAMINC,SDINCPM,SILAIF,STBFIP,TRFINC,TRFWLTH,UCT3YQ,UCTINC,UCTRFINC,USAIPF",JIBAR
IVC361,Investec MTN Group Ltd IVC361 CLN JB3+120 021127,CLN,ZAR,2026-05-04,2026-08-21,2026-11-03,"CMPFCASH,HOLYPF,IJGMMF,IMPALA,MGFYQP,MOMIPF,PCSHQ,PEYF,UCT3YQ",JIBAR
JSBVAL310141,JSBVal Loan JB3+420 310141,WHOLE LOAN,ZAR,2026-05-04,2026-08-21,2041-01-31,PIMEVO,JIBAR
JSRKLOOF310141,JSRKloof Loan JB3+420 310141,WHOLE LOAN,ZAR,2026-05-04,2026-08-21,2041-01-31,PIMEVO,JIBAR
JSWOLF310141,JSWolf Loan JB3+420 310141,WHOLE LOAN,ZAR,2026-05-04,2026-08-21,2041-01-31,PIMEVO,JIBAR
KHOBF301137A,Khobab Senior A 301137 JB3+200,FRN,ZAR,2026-05-04,2026-08-21,2037-11-30,PIMEVO,JIBAR
KHOBF310529B,Khobab Senior B 310529 JB3+200,FRN,ZAR,2026-05-04,2026-08-21,2029-05-31,PIMEVO,JIBAR
LGL11,Liberty Group Ltd LGL11 JB3+250 090926,FRN,ZAR,2026-05-04,2026-08-21,2026-09-09,OMMAIF,JIBAR
LGL12,Liberty Group Ltd LGL12 JB3+164 041027,FRN,ZAR,2026-05-04,2026-08-21,2027-10-04,"BCIFIF,IPIPF,MASAINC,PWMIPF_P",JIBAR
LINKAFRICAA280428,LINK AFRICAA 280428 JB3+400,WHOLE LOAN,ZAR,2026-05-04,2026-08-21,2028-04-28,PIMIDF,JIBAR
LINKAFRICAB280428,LINK AFRICAB 280428 JB3+405,WHOLE LOAN,ZAR,2026-05-04,2026-08-21,2028-04-28,PIMIDF,JIBAR
LINKAFRICAC03122028,LINK AFRICAC03122028 JB3+405,WHOLE LOAN,ZAR,2026-05-04,2026-08-21,2028-12-03,PIMIDF,JIBAR
LINKAFRICAD280329,LINK AFRICAD 280329 JB3+675,WHOLE LOAN,ZAR,2026-05-04,2026-08-21,2029-03-28,"PIMIDF,PIPFP",JIBAR
LINKAFRICAE280428,LINK AFRICAE 280428 JB3+405,WHOLE LOAN,ZAR,2026-05-04,2026-08-21,2028-04-28,PIMIDF,JIBAR
LOERF301137A,Loeriesfontein Senior A 301137 JB3+200,FRN,ZAR,2026-05-04,2026-08-21,2037-11-30,PIMEVO,JIBAR
LOERF310529B,Loeriesfontein Senior B 310529 JB3+200,FRN,ZAR,2026-05-04,2026-08-21,2029-05-31,PIMEVO,JIBAR
MML05,Momentum Metropolitan LTD MML05 JB3+160 250527,FRN,ZAR,2026-05-04,2026-08-21,2027-05-25,"BCIFIF,IPIPF,MASAINC,PWMIPF_P",JIBAR
MTN26,Mobile Telephone Networks FRN MTN26 JB3+205 290626,FRN,ZAR,2026-05-04,2026-06-26,2026-06-29,"BCIFIF,CCTCSH,HOLMMF,IJGMMF,IPIPF,MASAINC,OMLMMF,PCSHQ,PEYF,PWMIPF_P,SABCCSHF,SYMMMF,UOZMMF",JIBAR
MTN32,Mobile Telephone Networks Holdings Ltd MTN32 JB3+170 130927,FRN,ZAR,2026-05-04,2026-08-21,2027-09-13,"AMMARF,CMPFINC,HOLDINC,IPIPF,MEDINC,MOMBBF,PIPF,PPSFLEX,PWMIPF_P,SAAMINC,SDINCPM,STBFIP,UCTINC",JIBAR
MTN38,MTN Group Ltd MTN38 JB3+162 290628,FRN,ZAR,2026-05-04,2026-08-21,2028-06-29,"AFLMMF,BCIFIF,PEYF",JIBAR
MTN49,MTN Group Ltd MTN49 JB3+155 311029,FRN,ZAR,2026-05-04,2026-08-21,2029-10-31,"ENGENIP,MYQIP,PIF,SAAMINC,TRFINC",JIBAR
NBK36B,Nedbank Ltd FRN NBK36B JB3+225 100526,FRN,ZAR,2026-05-04,2026-05-08,2026-05-10,"OMMAIF,PEYF",JIBAR
NBKB65,Nedbank Ltd RSA NBKB65 JB3+135 210228 (20280221),FRN,ZAR,2026-05-04,2026-08-21,2028-02-21,"AFLMMF,PGPGARF",JIBAR
NEDF101128,Nedbank FRN JB3+85 101128,FRN,ZAR,2026-05-04,2026-08-07,2028-11-10,"ASHFLX,CCTCSH,CMPFCASH,CMPFINC,HOLYPF,IJGMMF,IMPALA,MOMBBF,MOMIPF,NGKINC,PCSHQ,PEYF,PIPF,PSIF,PSTIF,SILAIF,STBFIP,TRFINC,TRFWLTH,UCTINC,UCTRFINC",JIBAR
NEDF111228,Nedbank FRN JB3+82.5 111228,FRN,ZAR,2026-05-04,2026-08-21,2028-12-11,"3BBCIINC,ASHFLX,BCIFIF,CMPFINC,HOLDINC,IPIPF,MASAINC,NGKINC,PCSHQ,PEYF,PIF,PIPF,PORFIP,PSIF,PWMIPF_P,SAAMINC,SDINCPM,SILAIF,STBFIP,UCTINC",JIBAR
NEDF131128,Nedbank FRN JB3+85 131128,FRN,ZAR,2026-05-04,2026-08-12,2028-11-13,"CCTCSH,MOMIPF,PCSHQ,PIPF,PORFIP,PSIF",JIBAR
NEDF141026,Nedbank FRN JB3+55 141026,FRN,ZAR,2026-05-04,2026-08-21,2026-10-14,"CMPFCASH,MASAMMF,PRLMMF,SABCCSHF,SASRMM,SYMMMF,UOZMMF",JIBAR
NEDSUN041126,Nedbank Semi-annual Step-Up FRN 041126 JB3+90 (20290511),SUN,ZAR,2026-05-04,2026-08-21,2026-11-04,"OMLMMF,SASRMM",JIBAR
NEDSUN051026,Nedbank Semi-annual Step-Up FRN JB3+105 070426 (20290404),SUN,ZAR,2026-05-04,2026-08-21,2026-10-05,"ADVMM,HOLMMF,MASAMMF,PCMMF,PMMF,SISMMF,SYMMMF",JIBAR
NEDSUN070926,Nedbank Semi-Annual Step-Up FRN JB3+110 070926 (20310307),SUN,ZAR,2026-05-04,2026-08-21,2026-09-07,IMPALA,JIBAR
NEDSUN071026,Nedbank Semi-annual Step-Up FRN JB3+142.5 071026 (20270407),SUN,ZAR,2026-05-04,2026-08-21,2026-10-07,"ADVMM,CMPFCASH,HOLMMF,PMMF,SABCCSHF,SISMMF",JIBAR
NEDSUN071226,Nedbank Semi-annual Step-Up FRN JB3+115 071226 (20280606),SUN,ZAR,2026-06-08,2026-08-21,2026-12-07,"ADVMM,HOLMMF,OMLMMF,PCMMF,PMMF,PRLMMF,SABCCSHF,SISMMF,SYMMMF,UOZMMF",JIBAR
NEDSUN080626,Nedbank Semi-annual Step-Up FRN JB3+110 080626 (20280606),SUN,ZAR,2026-05-04,2026-06-05,2026-06-08,"ADVMM,HOLMMF,OMLMMF,PCMMF,PMMF,PRLMMF,SABCCSHF,SISMMF,SYMMMF,UOZMMF",JIBAR
NEDSUN081026,Nedbank Step-Up Note FRN JB3+105 08102026 (20290409),SUN,ZAR,2026-05-04,2026-08-21,2026-10-08,"ADVMM,HOLMMF,PCMMF,PMMF",JIBAR
NEDSUN090726,Nedbank Step-Up Note Semi- Annual FRN JB3+102.5 090726 (20290709),SUN,ZAR,2026-05-04,2026-07-08,2026-07-09,"ADVMM,HOLMMF,PMMF,PRLMMF,SASRMM,SYMMMF,UOZMMF",JIBAR
NEDSUN100926,Nedbank Semi-Annual Step-Up Note FRN JB3+95 100926 (20290910),SUN,ZAR,2026-05-04,2026-08-21,2026-09-10,"ADVMM,HOLMMF,IJGMMF,PCMMF,PMMF,SABCCSHF,SISMMF",JIBAR
NEDSUN110127,Nedbank Step-Up Note Semi- Annual FRN JB3+107.5 110127 (20290709),SUN,ZAR,2026-07-09,2026-08-21,2027-01-11,"ADVMM,HOLMMF,PMMF,PRLMMF,SASRMM,SYMMMF,UOZMMF",JIBAR
NEDSUN110127A,Nedbank Semi-annual Step-Up FRN JB3+137.5 20270111 (20270712),SUN,ZAR,2026-07-13,2026-08-21,2027-01-11,"ADVMM,HOLMMF,MASASI,OMLMMF,PCMMF,PMMF,SABCCSHF,SISMMF,SYMMMF,UOZMMF",JIBAR
NEDSUN110826,Nedbank Semi-Annual Step-up FRN JB3+100 110826 (20260811),SUN,ZAR,2026-05-04,2026-08-07,2026-08-11,"ADVMM,HOLMMF,OMLMMF,PCMMF,PRLMMF,SYMMMF",JIBAR
NEDSUN110826A,Nedbank Semi-Annual Step-up FRN JB3+132.5 110826 (20260811),SUN,ZAR,2026-05-04,2026-08-07,2026-08-11,"AFLMMF,CCTCSH,CMPFCASH,MASASI,MGFYQP,PCSHQ,UOZMMF",JIBAR
NEDSUN120526,Nedbank Semi-annual Step-Up FRN JB3+85 120526 (20291105),SUN,ZAR,2026-05-04,2026-05-11,2026-05-12,SASRMM,JIBAR
NEDSUN121026,Nedbank Semi-annual Step-Up FRN JB3+142.5 121026 (20270412),SUN,ZAR,2026-05-04,2026-08-21,2026-10-12,"ADVMM,HOLMMF,MASASI,PCMMF,PMMF,SABCCSHF,SYMMMF",JIBAR
NEDSUN121126,Nedbank Semi-annual Step-Up FRN JB3+90 121126 (20291105),SUN,ZAR,2026-05-12,2026-08-21,2026-11-12,SASRMM,JIBAR
NEDSUN130726,Nedbank Semi-annual Step-Up FRN JB3+132.5 20260713 (20270712),SUN,ZAR,2026-05-04,2026-07-10,2026-07-13,"ADVMM,HOLMMF,MASASI,OMLMMF,PCMMF,PMMF,SABCCSHF,SISMMF,SYMMMF,UOZMMF",JIBAR
NEDSUN140526,Nedbank Semi-annual Step-Up FRN JB3+100 140526 (20290514),SUN,ZAR,2026-05-04,2026-05-13,2026-05-14,"ADVMM,PCMMF,PMMF,PRLMMF,SABCCSHF,SISMMF,SYMMMF,UOZMMF",JIBAR
NEDSUN161126,Nedbank Semi-annual Step-Up FRN JB3+105 161126 (20290514),SUN,ZAR,2026-05-14,2026-08-21,2026-11-16,"ADVMM,PCMMF,PMMF,PRLMMF,SABCCSHF,SISMMF,SYMMMF,UOZMMF",JIBAR
NEDSUN170826,Nedbank Qtr Step-Up Note 170524 JB3+197.5 170826,SUN,ZAR,2026-05-04,2026-08-14,2026-08-17,AFLMMF,JIBAR
NEDSUN170926,Nedbank Semi-Annual Step-Up Note FRN JB3+137.5 170926 (20270317),SUN,ZAR,2026-05-04,2026-08-21,2026-09-17,"CMPFCASH,HOLMMF,PCSHQ,PEYF,PMMF,SABCCSHF,SISMMF,SYMMMF,UOZMMF",JIBAR
NEDSUN191026,Nedbank Semi-annual Step-Up FRN 191026 JB3+90 (20291017),SUN,ZAR,2026-05-04,2026-08-21,2026-10-19,"CMPFCASH,MASAMMF,PCMMF,PMMF",JIBAR
NEDSUN200526,Nedbank Semi-annual Step-Up FRN 200526 JB3+82.50 (20291120),SUN,ZAR,2026-05-04,2026-05-19,2026-05-20,"OMLMMF,SASRMM",JIBAR
NEDSUN200726,Nedbank Semi-Annual Step-Up FRN JB3+132.5 200726 (20260720),SUN,ZAR,2026-05-04,2026-07-17,2026-07-20,"AFLMMF,BONMMF,CCTCSH,CMPFCASH,HOLYPF,MASASI,OMLMMF,PCMMF,PCSHQ,PRLMMF,SISMMF,SYMMMF,UCTRFINC",JIBAR
NEDSUN201026,Nedbank Semi-annual Step-Up FRN JB3+57.5 200426 (20281020),SUN,ZAR,2026-05-04,2026-08-21,2026-10-20,"ADVMM,CMPFCASH,HOLMMF,PMMF,PRLMMF,SABCCSHF,SASRMM,SISMMF,SYMMMF,UOZMMF",JIBAR
NEDSUN201126,Nedbank Semi-annual Step-Up FRN 201126 JB3+87.50 (20291120),SUN,ZAR,2026-05-20,2026-08-21,2026-11-20,"OMLMMF,SASRMM",JIBAR
NEDSUN210127,Nedbank Semi-annual Step-Up FRN JB3+47.5 20270121 (20290122),SUN,ZAR,2026-07-21,2026-08-21,2027-01-21,"HOLMMF,PCMMF,PMMF,UOZMMF",JIBAR
NEDSUN210726,Nedbank Semi-annual Step-Up FRN JB3+42.5 20260721 (20290122),SUN,ZAR,2026-05-04,2026-07-20,2026-07-21,"HOLMMF,PCMMF,PMMF,UOZMMF",JIBAR
NEDSUN210826,Nedbank Semi-annual Step-Up FRN JB3+45 210826 (20280821),SUN,ZAR,2026-05-04,2026-08-20,2026-08-21,"HOLMMF,PMMF,UOZMMF",JIBAR
NEDSUN211226,Nedbank Step-Up Note Semi- Annual FRN JB3+107.5 211226 (20290620),SUN,ZAR,2026-06-22,2026-08-21,2026-12-21,"CMPFCASH,IJGMMF,OMLMMF,PMMF,SABCCSHF,SASRMM,SYMMMF,UOZMMF",JIBAR
NEDSUN211226A,Nedbank Semi-Annual Step-Up Note FRN JB3+117.5 211226 (20281221),SUN,ZAR,2026-06-22,2026-08-21,2026-12-21,"ADVMM,HOLMMF,OMLMMF,PCMMF,PRLMMF,SISMMF,UOZMMF",JIBAR
NEDSUN220626,Nedbank Step-Up Note Semi- Annual FRN JB3+102.5 220626 (20290620),SUN,ZAR,2026-05-04,2026-06-19,2026-06-22,"CMPFCASH,IJGMMF,OMLMMF,PMMF,SABCCSHF,SASRMM,SYMMMF,UOZMMF",JIBAR
NEDSUN220626A,Nedbank Semi-Annual Step-Up Note FRN JB3+115 220626 (20281221),SUN,ZAR,2026-05-04,2026-06-19,2026-06-22,"ADVMM,HOLMMF,OMLMMF,PCMMF,PRLMMF,SISMMF,UOZMMF",JIBAR
NEDSUN221026,Nedbank Semi-annual Step-Up FRN JB3+57.5 221026 (20281023),SUN,ZAR,2026-05-04,2026-08-21,2026-10-22,"HOLMMF,PCMMF,PMMF,PRLMMF,SASRMM",JIBAR
NEDSUN250526,Nedbank Semi-annual Step-Up FRN JB3+50 250526 (20281127),SUN,ZAR,2026-05-04,2026-05-22,2026-05-25,"PCMMF,PMMF,PRLMMF,SABCCSHF,UOZMMF",JIBAR
NEDSUN251126,Nedbank Semi-annual Step-Up FRN JB3+57.5 251126 (20281127),SUN,ZAR,2026-05-25,2026-08-21,2026-11-25,"PCMMF,PMMF,PRLMMF,SABCCSHF,UOZMMF",JIBAR
NEDSUN271026,Nedbank Semi-annual Step-Up FRN JB3+57.5 271026 (20281027,SUN,ZAR,2026-05-04,2026-08-21,2026-10-27,"ADVMM,CMPFCASH,HOLMMF,MASAMMF,PCMMF,PMMF,PRLMMF,SABCCSHF,SISMMF,SYMMMF",JIBAR
NEDSUN280526,Nedbank Semi-annual Step-Up FRN JB3+80 280526 (20291128),SUN,ZAR,2026-05-04,2026-05-27,2026-05-28,SASRMM,JIBAR
NEDSUN281226,Nedbank Step-Up Note Semi- Annual FRN JB3+117.5 281226 (20281227),SUN,ZAR,2026-06-29,2026-08-21,2026-12-28,"HOLMMF,PCSHQ,PMMF,PRLMMF,SISMMF,UOZMMF",JIBAR
NEDSUN290626,Nedbank Step-Up Note Semi- Annual FRN JB3+115 290626 (20281227),SUN,ZAR,2026-05-04,2026-06-26,2026-06-29,"HOLMMF,PCSHQ,PMMF,PRLMMF,SISMMF,UOZMMF",JIBAR
NEDSUN300726,Nedbank Semi-Annual Step-Up FRN JB3+110 300726 (20290130),SUN,ZAR,2026-05-04,2026-07-29,2026-07-30,"HOLMMF,OMLMMF,PMMF,PRLMMF,SISMMF,SYMMMF",JIBAR
NEDSUN301126,Nedbank Semi-annual Step-Up FRN JB3+85 301126 (20291128),SUN,ZAR,2026-05-28,2026-08-21,2026-11-30,SASRMM,JIBAR
NGL11,Nedbank Group Ltd FRN JB3+210 191132,FRN,ZAR,2026-05-04,2026-08-21,2027-11-19,"3BBCIINC,AMMARF,ASHFLX,BCIFIF,CMPFINC,ENGENIP,GRFINV,HOLDINC,HOLYPF,IPIPF,MASAINC,MEDINC,MOMBBF,NGKINC,PCSHQ,PIF,PIPF,PORFIP,PPSFLEX,PSIF,PSTIF,PTIF,PWMIPF_P,SAAMINC,SDINCPM,SILAIF,STBFIP,TRFINC,UCTINC,USAIPF",JIBAR
NGL12,Nedbank Group Ltd FRN JB3+186 300434,FRN,ZAR,2026-05-04,2026-08-21,2034-04-30,"BCIFIF,OMMAIF,PIPF",JIBAR
NGL13,Nedbank Ltd FRN NGL13 JB3+165 310530,FRN,ZAR,2026-05-04,2026-08-21,2030-05-31,"AMMARF,HOLYPF,LEZAFFI,MEDINC,NGKINC,PIPF,PPSFLEX,PSTIF,PTIF,PWMIPF_P,SAAMINC,SDINCPM,SILAIF,STBFIP,UCTINC,USAIPF",JIBAR
NGT1G,Nedbank NGT1G JB3+410 160626,FRN,ZAR,2026-05-04,2026-06-15,2026-06-16,"PIMEVO,PIMIDF,PIPFP",JIBAR
NN230,NEDBANK LIMITED NN230 JB3+165 310130,CLN,ZAR,2026-05-04,2026-08-21,2030-01-31,"AMMARF,BCIFIF,GRFINV,HOLDINC,LEZAFFI,NGKINC,PFFIF,PIPF,PSTIF,PTIF,PWMIPF_P,SAAMINC,SILAIF,UCTINC,USAIPF",JIBAR
NN234,Nedbank MTN NN234 JB3+185 290628 (20280629),CLN,ZAR,2026-05-04,2026-08-21,2028-06-29,"AMMARF,ASHFLX,CMPFINC,GRFINV,HOLDINC,IPIPF,MASAINC,MEDINC,MYQIP,PEYF,PFFIF,PIPF,PORFIP,PPSFLEX,PSIF,PSTIF,PTIF,PWMIPF_P,SAAMINC,SDINCPM,SILAIF,TRFINC,UCTINC,USAIPF",JIBAR
NN333,Nedbank RSA CLN NN333 JB3+190 280235,CLN,ZAR,2026-05-04,2026-08-21,2035-02-28,"3BBCIINC,AMMARF,ASHFLX,CMPFINC,ENGENIP,HOLDINC,IPIPF,MASAINC,MEDINC,MOMBBF,NGKINC,OMMAIF,PEYF,PIPF,PORFIP,PPSFLEX,PSIF,PSTIF,PTIF,PWMIPF_P,SAAMINC,SDINCPM,SILAIF,STBFIP,UCTINC,USAIPF",JIBAR
NN334,Nedbank RSA CLN NN334 JB3+215 310140,CLN,ZAR,2026-05-04,2026-08-21,2040-01-31,"3BBCIINC,AMMARF,ASHFLX,CMPFINC,ENGENIP,HOLDINC,IPIPF,MASAINC,MEDINC,MOMBBF,NGKINC,OMMAIF,PEYF,PIPF,PORFIP,PPSFLEX,PSIF,PSTIF,PTIF,PWMIPF_P,SAAMINC,SDINCPM,SILAIF,STBFIP,UCTINC,USAIPF",JIBAR
NN345,Nedbank Ltd CLN NN345 JB3+170 280235,CLN,ZAR,2026-05-04,2026-08-21,2035-02-28,PEYF,JIBAR
NN365,Nedbank Telkom Ltd CLN NN365 JB3+225 090333,CLN,ZAR,2026-05-04,2026-08-21,2033-03-09,"3BBCIINC,AMMARF,ASHFLX,CMPFINC,ENGENIP,GRFINV,HOLDINC,HOLYPF,IPIPF,MASAINC,MEDINC,MOMBBF,NGKINC,PFFIF,PIPF,PIPFP,PORFIP,PPSFLEX,PSIF,PSTIF,PTIF,PWMIPF_P,SAAMINC,SDINCPM,SILAIF,STBFIP,UCTINC,USAIPF",JIBAR
NN370,Nedbank SANRAL CLN NN370 JB3+240 310734,CLN,ZAR,2026-05-04,2026-08-21,2034-07-31,"PFFIF,PIMIDF,PIPFP",JIBAR
NN371,Nedbank SANRAL CLN NN371 JB3+225 310735,CLN,ZAR,2026-05-04,2026-08-21,2035-07-31,"PIMIDF,PIPFP",JIBAR
NN394,Nedbank RSA CLN NN394 JB3+175 280235,CLN,ZAR,2026-05-04,2026-08-21,2035-02-28,"3BBCIINC,AMMARF,ASHFLX,BCIFIF,HOLADC,HOLDINC,HOLIDC,IPIPF,MASAINC,MEDINC,MOMBBF,MYQIP,PIPF,PORFIP,PSIF,PSTIF,PWMIPF_P,SAAMINC,SILAIF,STBFIP",JIBAR
NN402,Nedbank RSA CLN NN402 JB3+1805 280235,CLN,ZAR,2026-05-04,2026-08-21,2035-02-28,"MYQIP,PEYF,PIPF,SILAIF",JIBAR
NN410,Nedbank JB3+225 NN410 310137,CLN,ZAR,2026-05-04,2026-08-21,2037-01-31,"3BBCIINC,AMMARF,CMPFINC,ENGENIP,GRFINV,HOLADC,HOLIDC,IPIPF,MEDINC,MOMBBF,MYQIP,OMMAIF,PEYF,PFFIF,PIPF,PORFIP,PPSFLEX,PSTIF,PWMIPF_P,SAAMINC,SDINCPM,SILAIF,STBFIP,UCTINC,USAIPF",JIBAR
NN434,Nedbank RSA NN434 JB3+161 070728(20370107),CLN,ZAR,2026-05-04,2026-08-21,2028-07-07,PCSHQ,JIBAR
NN437,Nedbank RSA CLN NN437 JB3+163 310134,CLN,ZAR,2026-05-04,2026-08-21,2028-04-30,"ASHFLX,BCIFIF,CMPFINC,ENGENIP,HOLDINC,HOLYPF,HOSMED,IJGMMF,IMPALA,IPIPF,MEDINC,MOMIPF,MYQIP,OMMAIF,PCSHQ,PIPF,PORFIP,PPSFLEX,PSTIF,PTIF,PWMIPF_P,SDINCPM,SILAIF,STBFIP,TRFINC,UCT3YQ,UCTINC,UCTRFINC,USAIPF",JIBAR
NN447,Nedbank RSA CLN NN447 JB3+168 300428(310137),CLN,ZAR,2026-05-04,2026-08-21,2028-04-30,PCSHQ,JIBAR
NN460,Nedbank RSA CLN NN460 JB3+183 310140,CLN,ZAR,2026-05-04,2026-08-21,2040-01-31,PEYF,JIBAR
NN478,Nedbank DBSA CLN NN478 JB3+165 211130,CLN,ZAR,2026-05-04,2026-08-21,2028-11-21,"CMPFCASH,HOLYPF,IMPALA,MOMIPF,PCSHQ,PEYF,TRFWLTH,UCTRFINC",JIBAR
NN479,Nedbank DBSA CLN NN479 JB3+188 211131,CLN,ZAR,2026-05-04,2026-08-21,2028-11-21,"ASHFLX,BCIFIF,CMPFINC,HOLADC,HOLDINC,HOLIDC,IJGIPF,IPIPF,MASAINC,MEDINC,MOMBBF,MYQIP,NGKINC,OMMAIF,PFFIF,PIPF,PORFIP,PSTIF,PTIF,PWMIPF_P,SAAMINC,SDINCPM,SILAIF,STBFIP,UCTINC,USAIPF",JIBAR
NNF150,Nedbank RSA CLN NNF150 JB3+225 201229 310332,CLN,ZAR,2026-05-04,2026-08-21,2032-03-31,"AMMARF,ASHFLX,ENGENIP,GRFINV,HOLDINC,IJGIPF,IPIPF,MASAINC,MEDINC,MOMBBF,OMMAIF,PIPF,PORFIP,PPSFLEX,PSIF,PWMIPF_P,SAAMINC,SDINCPM,SILAIF,STBFIP,UCTINC,USAIPF",JIBAR
NNF160,Nedbank RSA CLN NNF160 JB3+188 201229 201229,CLN,ZAR,2026-05-04,2026-08-21,2029-12-20,"ASHFLX,GRFINV,HOLADC,HOLDINC,HOLIDC,IPIPF,MASAINC,MOMBBF,MYQIP,OMMAIF,PIPF,PPSFLEX,PWMIPF_P,SAAMINC,SDINCPM,SILAIF,STBFIP,UCTINC,USAIPF",JIBAR
NOUP300636A,Noupoort Wind Farm (RF) Proprietary Ltd FRN JB3+200 300636,WHOLE LOAN,ZAR,2026-05-04,2026-08-21,2036-06-30,PIMEVO,JIBAR
NUT07U,Nutun SA Proprietary Ltd NUT07U JB3+300 290928,FRN,ZAR,2026-05-04,2026-08-21,2028-09-29,"PIMIDF,PIPFP",JIBAR
OCT004,Octodec Investments Limited OCT004 JB3+173 270229,FRN,ZAR,2026-05-04,2026-08-21,2029-02-27,"CCTCSH,CMPFCASH,HOSMED,IJGMMF,IMPALA,MOMIPF,PCSHQ,PEYF,PIPFP,TRFWLTH,UCT3YQ,UCTRFINC",JIBAR
OML16,Old Mutual Life Assurance Company SA Ltd OML16 JB3+150 230528,FRN,ZAR,2026-05-04,2026-08-21,2028-05-23,"CMPFINC,ENGENIP,MASAINC,PTIF,SAAMINC",JIBAR
PEP04,Pepkor Holdings Limited FRN PEP04 050526 JB3+170,FRN,ZAR,2026-05-04,2026-05-04,2026-05-05,"ADVMM,CCTCSH,HOLMMF,OMLMMF,PMMF,SABCCSHF,SISMMF",JIBAR
PEP06,Pepkor Holdings Ltd PEP06 JB3+138 060328,FRN,ZAR,2026-05-04,2026-08-21,2028-03-06,"3BBCIINC,AMMARF,BCIFIF,CCTCSH,CMPFCASH,CMPFINC,ENGENIP,HOLYPF,HOSMED,IMPALA,IPIPF,LEZAFFI,MASAINC,MOMIPF,MYQIP,NGKINC,PCSHQ,PEYF,PSTIF,PTIF,PWMIPF_P,SAAMINC,SILAIF,TRFWLTH,UCT3YQ,UCTINC,UCTRFINC,USAIPF",JIBAR
PEP07,Pepkor Holdings Ltd PEP07 JB3+114 060327,FRN,ZAR,2026-05-04,2026-08-21,2027-03-06,"CCTCSH,PCSHQ,TRFWLTH",JIBAR
PEP08,Pepkor Holdings Ltd PEP08 JB3+124 060329,FRN,ZAR,2026-05-04,2026-08-21,2029-03-06,AFLMMF,JIBAR
RES72,RESILIENT REIT LIMITED RES72 JB3+140 100529,FRN,ZAR,2026-05-04,2026-08-21,2029-05-10,BCIFIF,JIBAR
RROT280224,RROTWitberg JB3+300 280224,WHOLE LOAN,ZAR,2026-05-04,2026-08-21,2044-11-30,PIMEVO,JIBAR
RROTBVAL310141,RROTBVal Loan JB3+300 310141,WHOLE LOAN,ZAR,2026-05-04,2026-08-21,2041-01-31,PIMEVO,JIBAR
RROTRKLOOF310141,RROTRKloof Loan JB3+300 310141,WHOLE LOAN,ZAR,2026-05-04,2026-08-21,2041-01-31,PIMEVO,JIBAR
RROTWOLF310141,RROTWolf Loan JB3+300 310141,WHOLE LOAN,ZAR,2026-05-04,2026-08-21,2041-01-31,PIMEVO,JIBAR
RWL26,Rand Water FRN RWL26 JB3+225 300626,FRN,ZAR,2026-05-04,2026-06-29,2026-06-30,PIPFP,JIBAR
SBC018,Standard Bank RSA FRN JB3+175 200630,CLN,ZAR,2026-05-04,2026-08-21,2030-06-20,"3BBCIINC,AMMARF,ASHFLX,BCIFIF,CMPFINC,ENGENIP,GRFINV,HOLDINC,IPIPF,LEZAFFI,MASAINC,MEDINC,MOMBBF,NGKINC,OMMAIF,PEYF,PIPF,PORFIP,PPSFLEX,PSIF,PSTIF,PTIF,PWMIPF_P,SAAMINC,SDINCPM,STBFIP,UCTINC,USAIPF",JIBAR
SBC079,Standard Bank SBC079 CLN JB3+170 310332,CLN,ZAR,2026-05-04,2026-08-21,2032-03-31,"3BBCIINC,AMMARF,ASHFLX,BCIFIF,CMPFINC,ENGENIP,GRFINV,HOLDINC,IPIPF,MASAINC,MEDINC,MOMBBF,NGKINC,OMMAIF,PEYF,PFFIF,PIPF,PORFIP,PPSFLEX,PSTIF,PTIF,PWMIPF_P,SAAMINC,SDINCPM,STBFIP,UCTINC,USAIPF",JIBAR
SBC105,Standard Bank RSA CLN SBC105 JB3+170 200634,CLN,ZAR,2026-05-04,2026-08-21,2034-06-20,"CMPFINC,HOLADC,HOLIDC,HOLYPF,IPIPF,MASAINC,MOMBBF,MYQIP,OMMAIF,PEYF,PIPF,PPSFLEX,PSIF,PSTIF,PWMIPF_P,SAAMINC,SDINCPM,UCTINC",JIBAR
SBC136,Standard Bank RSA CLN SBC136 JB3+170 200933,CLN,ZAR,2026-05-04,2026-08-21,2033-09-20,"3BBCIINC,AMMARF,ASHFLX,BCIFIF,CMPFINC,ENGENIP,GRFINV,HOLDINC,IPIPF,MEDINC,MOMBBF,MYQIP,OMMAIF,PIPF,PORFIP,PPSFLEX,PSIF,PSTIF,PWMIPF_P,SAAMINC,SDINCPM,STBFIP,UCTINC,USAIPF",JIBAR
SBC167,Standard Bank RSA CLN SBC167 JB3+163 310128 (310137),CLN,ZAR,2026-05-04,2026-07-08,2028-01-31,"CMPFCASH,ENGENIP,HOLDINC,HOLYPF,HOSMED,IJGMMF,IMPALA,MOMIPF,OMMAIF,PCSHQ,PEYF,PFFIF,PIPF,PPSFLEX,PSTIF,PWMIPF_P,SAAMINC,STBFIP,TRFINC,TRFWLTH,UCTINC,UCTRFINC",JIBAR
SBC168,Standard Bank FRN SBC168 JB3+220 300430(310137),CLN,ZAR,2026-05-04,2026-08-21,2030-04-30,PIPF,JIBAR
SBC173,Standard Bank RSA CLN SBC173 JB3+220 310130,CLN,ZAR,2026-05-04,2026-08-21,2030-01-31,"PGPGARF,PIPF",JIBAR
SBC174,Standard Bank RSA CLN SBC174 JB3+300 310137,CLN,ZAR,2026-05-04,2026-08-21,2037-01-31,PIPFP,JIBAR
SBC180,The Standard Bank RSA CLN SBC180 JB3+215 310137,CLN,ZAR,2026-05-04,2026-08-21,2037-01-31,"PEYF,PFFIF",JIBAR
SBC197,The Standard Bank RSA CLN SBC197 JB3+203 310730 (310137),CLN,ZAR,2026-05-04,2026-08-21,2030-01-31,PEYF,JIBAR
SBC213,The Standard Bank of South Africa Ltd SBC213 JB3+150 181028,CLN,ZAR,2026-05-04,2026-08-21,2028-10-18,"IJGIPF,IJGMMF,PPSNAM",JIBAR
SBC237,The Standard Bank of South Africa Ltd RSA CLN SBC237 JB3+120 310336,CLN,ZAR,2026-05-04,2026-08-21,2036-03-31,"ASHFLX,BCIFIF,IPIPF,MOMBBF,OMMAIF,PEYF,PIPF,PORFIP,PSTIF,PTIF,PWMIPF_P,SAAMINC,STBFIP",JIBAR
SBN03,Standard Bank Namibia Ltd SBN03 JB3+176 030426,FRN,ZAR,2026-05-04,2026-07-31,2026-08-03,PPSNAM,JIBAR
SBS21,Standard Bank SA JB3+220 SBS21 150526,FRN,ZAR,2026-05-04,2026-05-14,2026-05-15,"OMLMMF,OMMAIF,PCMMF,SISMMF,SYMMMF",JIBAR
SBS71,The Standard Bank of South Africa Ltd SBS71 JB3+135 020227,FRN,ZAR,2026-05-04,2026-08-21,2027-02-02,OMMAIF,JIBAR
SBS81,Standard bank Ltd FRN JB3+118 080828,FRN,ZAR,2026-05-04,2026-08-21,2028-08-08,AFLMMF,JIBAR
SBT110,Standard Bank SBT110 JB3+338 310724 (20280630),FRN,ZAR,2026-05-04,2026-08-21,2028-06-30,"3BBCIINC,AMMARF,ASHFLX,CMPFINC,ENGENIP,GRFINV,HOLADC,HOLDINC,HOLIDC,HOLYPF,IPIPF,MASAINC,MEDINC,MOMBBF,MYQIP,NGKINC,PFFIF,PIF,PIPF,PIPFP,PORFIP,PPSFLEX,PSIF,PSTIF,PTIF,PWMIPF_P,SAAMINC,SDINCPM,STBFIP,TRFINC,UCTINC,USAIPF",JIBAR
SBT112,Standard Bank Group SBT112 JB3+290 300629,FRN,ZAR,2026-05-04,2026-08-18,2029-06-29,"3BBCIINC,AMMARF,ASHFLX,BCIFIF,ENGENIP,HOLDINC,MASAINC,MOMBBF,NGKINC,PIPF,PIPFP,PORFIP,PPSFLEX,PSIF,STBFIP,UCTINC",JIBAR
SBT114,Standard Bank FRN JB3+260 300631,FRN,ZAR,2026-05-04,2026-08-21,2031-06-30,"3BBCIINC,AMMARF,ENGENIP,GRFINV,HOLADC,HOLIDC,HOLYPF,IJGIPF,IPIPF,LEZAFFI,MEDINC,MYQIP,NGKINC,OMMAIF,PEYF,PIF,PIPF,PIPFP,PORFIP,PSIF,PSTIF,PTIF,PWMIPF_P,SAAMINC,UCTINC,USAIPF",JIBAR
SBT209,Standard Bank FRN JB3+210 290626,FRN,ZAR,2026-05-04,2026-06-26,2026-06-29,"AMMARF,MOMIPF,OMMAIF,PCSHQ,PEYF,PIPF,TRFINC,UCTINC",JIBAR
SBT210,Standard Bank FRN JB3+190 181028,FRN,ZAR,2026-05-04,2026-08-21,2028-10-18,"AMMARF,ENGENIP,GRFINV,LEZAFFI,MEDINC,NGKINC,OMMAIF,PCSHQ,PEYF,PIPF,PORFIP,PPSFLEX,PSIF,PSTIF,PTIF,SAAMINC,UCTINC,USAIPF",JIBAR
SFI202,Summit Issuer (RF) Limited SFI202 FRN JB3+450 141129,FRN,ZAR,2026-05-04,2026-08-21,2029-11-14,"PIMIDF,PIPFP",JIBAR
SOUTHF270526,Southchester FRN JB3+95 270526,FRN,ZAR,2026-05-04,2026-05-26,2026-05-27,"ADVMM,CMPFCASH,HOLMMF,IJGMMF,MASAMMF,MASASI,OMLMMF,PMMF,PRLMMF,SABCCSHF,SASRMM,SISMMF,SYMMMF,UOZMMF",JIBAR
SPG013,SUPER GROUP LTD SPG013 JB3+147 030728,FRN,ZAR,2026-05-04,2026-08-21,2028-07-03,"CCTCSH,PEYF,PIF",JIBAR
SST202,Standard Bank SST202 JB3+215 310827 (310832),FRN,ZAR,2026-05-04,2026-08-21,2027-08-31,"3BBCIINC,AMMARF,ASHFLX,BCIFIF,CMPFINC,ENGENIP,GRFINV,HOLDINC,HOLYPF,IPIPF,MASAINC,MEDINC,MOMBBF,MYQIP,NGKINC,PCSHQ,PFFIF,PIF,PIPF,PORFIP,PPSFLEX,PSIF,PTIF,PWMIPF_P,SAAMINC,SDINCPM,STBFIP,TRFINC,UCTINC,USAIPF",JIBAR
SST203,Standbank Group Ltd JB3+188 030328,FRN,ZAR,2026-05-04,2026-08-21,2028-03-03,"AFLMMF,CCTCSH,CMPFCASH,HOLYPF,IMPALA,MOMIPF,OMMAIF,PCSHQ,PEYF,PFFIF,PSTIF,PWMIPF_P,TRFWLTH,UCT3YQ,UCTINC,UCTRFINC",JIBAR
STDF040327,Standard Bank FRN JB6+27.5 040327,FRN,ZAR,2026-05-04,2026-08-21,2027-03-04,"ADVMM,HOLMMF,MASASI,PCMMF,PMMF,PRLMMF,SABCCSHF,SASRMM,SISMMF,SYMMMF,UOZMMF",JIBAR
STDF061227,Standard Bank FRN JB3+85 061227,FRN,ZAR,2026-05-04,2026-08-21,2027-12-06,"CCTCSH,CMPFCASH,MOMIPF,PCSHQ,PEYF,TRFWLTH,UCTRFINC",JIBAR
STDF150727,Standard Bank FRN JB3+100 150727,FRN,ZAR,2026-05-04,2026-08-21,2027-07-15,"3BBCIINC,CCTCSH,CMPFCASH,HOSMED,IMPALA,MOMIPF,NGKINC,OMMAIF,PCSHQ,PEYF,PIPF,PPSFLEX,SDINCPM,STBFIP,TRFINC,TRFWLTH,UCTINC,UCTRFINC",JIBAR
STDF220227,Standard Bank FRN JB3+30 220227,FRN,ZAR,2026-05-04,2026-07-21,2027-02-22,"ADVMM,HOLMMF,MASAMMF,OMLMMF,PCMMF,PMMF,PRLMMF,SABCCSHF,SASRMM,SISMMF,SYMMMF,UOZMMF",JIBAR
STDF220227,Standard Bank FRN JB6+30 220227,FRN,ZAR,2026-07-22,2026-08-21,2027-02-22,"ADVMM,HOLMMF,MASAMMF,OMLMMF,PCMMF,PMMF,PRLMMF,SABCCSHF,SASRMM,SISMMF,SYMMMF,UOZMMF",JIBAR
STDF260227,Standard Bank FRN JB6+27.5 260227,FRN,ZAR,2026-05-04,2026-08-21,2027-02-26,"ADVMM,CCTCSH,HOLMMF,IMPALA,MOMIPF,OMLMMF,PCMMF,PRLMMF,SISMMF,SYMMMF,UCT3YQ,UCTRFINC,UOZMMF",JIBAR
STDF260626,Standard Bank FRN JB3+47.5 260626,FRN,ZAR,2026-05-04,2026-06-25,2026-06-26,"HOLMMF,MASASI,PRLMMF,SABCCSHF,SISMMF,SYMMMF",JIBAR
STDF270526,Standard Bank FRN JB3+50 270526,FRN,ZAR,2026-05-04,2026-05-26,2026-05-27,PRLMMF,JIBAR
STDF291027,Standard Bank FRN JB3+85 291027,FRN,ZAR,2026-05-04,2026-08-21,2027-10-29,"AMMARF,ASHFLX,BCIFIF,CCTCSH,CMPFCASH,HOLDINC,HOSMED,IPIPF,MOMBBF,MOMIPF,MYQIP,OMMAIF,PCSHQ,PEYF,PIPF,PORFIP,PPSFLEX,PSTIF,PTIF,STBFIP,TRFWLTH,UCTRFINC,USAIPF",JIBAR
T18A14,The Thekwini Fund (Rf) Ltd T18A14 FRN JB3+112 210827,FRN,ZAR,2026-05-04,2026-08-21,2027-08-21,AFLMMF,JIBAR
T20A23,The Thekwini Fund 20(RF) T20A23 JB3+117 210530(210562),FRN,ZAR,2026-05-04,2026-08-21,2030-05-21,PIF,JIBAR
TCTA_A,Trans-Calendon Tunnel Authority JB3+235 310531 A,DBN,ZAR,2026-05-04,2026-05-26,2026-05-31,PIPFP,JIBAR
TERACO111230,TERACO FRN 111230 JB3+265,WHOLE LOAN,ZAR,2026-05-04,2026-08-21,2030-12-11,PIMIDF,JIBAR
TFS168,Toyota Financial Services FRN JB3+110 TFS168 270926,FRN,ZAR,2026-05-04,2026-08-21,2026-09-28,"3BBCIINC,BCIFIF,CMPFCASH,CMPFINC,HOLMMF,IPIPF,MASAINC,MOMBBF,NGKINC,OMMAIF,PEYF,PIPF,PMMF,PWMIPF_P,SABCCSHF,SILAIF,UCTINC",JIBAR
TFS170,Toyota Financial Services FRN JB3+112 TFS170 301126,FRN,ZAR,2026-05-04,2026-08-21,2026-11-30,"3BBCIINC,BCIFIF,CCTCSH,CMPFCASH,CMPFINC,HOLMMF,MASAINC,MOMBBF,NGKINC,PCSHQ,PIPF,PMMF,PWMIPF_P,SILAIF,UCTINC",JIBAR
TFS172,Toyota Financial Services Ltd TFS172 JB3+120 220227,FRN,ZAR,2026-05-04,2026-08-21,2027-02-22,"ADVMM,CMPFCASH,HOLMMF,MASAMMF,OMLMMF,PMMF,PRLMMF,SASRMM,UOZMMF",JIBAR
TFS174,Toyota Financial Services FRN JB3+122 TFS174 300128,FRN,ZAR,2026-05-04,2026-08-21,2028-01-30,"BCIFIF,IJGMMF,MOMIPF,PCSHQ,PEYF,PIPF,TRFINC,TRFWLTH,UCTINC,UCTRFINC",JIBAR
TFS177,Toyota Financial Services FRN TFS177 JB3+101 310727,FRN,ZAR,2026-05-04,2026-08-21,2027-01-31,"SASRMM,UOZMMF",JIBAR
TH19D2,Thekwini Fund TH19D2 JB3+320 211128(211160),FRN,ZAR,2026-05-04,2026-08-21,2028-11-21,PIPFP,JIBAR
TH19D3,Thekwini Fund TH19D3 JB3+300 211128(211160),FRN,ZAR,2026-05-04,2026-08-21,2028-11-21,PIPFP,JIBAR
TH20D1,The Thekwini Fund 20(RF)TH20D1 JB3+275 210530(210562),FRN,ZAR,2026-05-04,2026-08-21,2030-05-21,PIPFP,JIBAR
TH20D2,The Thekwini Fund 20(RF)TH20D2 JB3+262 210530(210562),FRN,ZAR,2026-05-04,2026-08-21,2030-05-21,PIPFP,JIBAR
TL33,Telkom SA SOC Ltd TL33 JB3+205 090333,FRN,ZAR,2026-05-04,2026-08-21,2033-03-09,"HOLADC,HOLIDC,MYQIP,PIF,PIMIDF,SAAMINC",JIBAR
VKE20,Vukile Property Fund FRN VKE20 JB3+159 270827,FRN,ZAR,2026-05-04,2026-08-21,2027-08-27,BCIFIF,JIBAR
VKE22,Vukile Property Fund FRN VKE22 JB3+144 270828,FRN,ZAR,2026-05-04,2026-08-21,2028-08-27,BCIFIF,JIBAR
WHL21,Woolworths Holdings Ltd JB3+120 WHL21 290730,FRN,ZAR,2026-05-04,2026-08-21,2027-01-29,"PCSHQ,PIF",JIBAR
ZEN111244,Zen Senior 111244 JB3+225,WHOLE LOAN,ZAR,2026-05-04,2026-08-21,2044-12-11,"PIMEVO,PIMIDF",JIBAR
ABFN26,ABSA FRN ABFN26 171029 JB3+ 205,FRN,ZAR,2026-05-04,2026-08-21,2029-10-17,OMMAIF,OTHER/UNCLEAR
JSVIG310724,JSVirginia Loan JB3 + 410 310724,WHOLE LOAN,ZAR,2026-05-04,2026-08-21,2045-06-30,PIMEVO,OTHER/UNCLEAR
NEDSUN080626A,Nedbank Qtr Step-Up Note FRN JB3+ 97.5 08062026 (20260608),SUN,ZAR,2026-05-04,2026-06-05,2026-06-08,"PCSHQ,PMMF",OTHER/UNCLEAR
4TS29A_PIM,True South Issuer Proprietary Ltd FRN 4TS29A PRIME+82.5 270924,FRN,ZAR,2026-05-04,2026-08-21,2026-08-31,PIPFP,PRIME
CHWB14,Capital Harvest Warehouse SPV (RF) Ltd FRN CHWB14 PRIME -140 281027 (281028),SUN,ZAR,2026-05-04,2026-08-21,2027-10-28,PIPFP,PRIME
CPF01U,Capitan SPV (RF) Ltd CPF01U PRIME+60 201128,PLN,ZAR,2026-05-04,2026-08-21,2028-11-20,"PIMIDF,PIPFP",PRIME
ECRFPLN010925,Enable Capital PLN 010925 PRIME+900,PLN,ZAR,2026-05-04,2026-08-21,2026-08-31,PIPFP,PRIME
ECRFPLN060426,Enable Capital PLN 060426 PRIME+900,PLN,ZAR,2026-05-04,2026-08-21,2026-08-31,PIMIDF,PRIME
ECRFPLN130925,Enable Capital PLN 130925 PRIME+900,PLN,ZAR,2026-05-04,2026-08-21,2026-08-31,PIPFP,PRIME
ECRFPLN140326,Enable Capital PLN 140326 PRIME+900,PLN,ZAR,2026-05-04,2026-08-21,2026-08-31,PIMIDF,PRIME
ECRFPLN230825,Enable Capital PLN 230825 PRIME+900,PLN,ZAR,2026-05-04,2026-08-21,2026-08-31,PIPFP,PRIME
ECRFPLN230825A,Enable Capital PLN 230825 PRIME+550,PLN,ZAR,2026-05-04,2026-08-21,2026-08-31,PIPFP,PRIME
