reference_rate,instrument_code,instrument_name,currency,maturity_date,first_held_since_cutoff,last_held,funds,first_issue_date
JIBAR,NEDSUN041126,Nedbank Semi-annual Step-Up FRN 041126 JB3+90 (20290511),ZAR,04 11 2026,04 05 2026,21 08 2026,"OMLMMF,SASRMM",OTC
JIBAR,NEDSUN121126,Nedbank Semi-annual Step-Up FRN JB3+90 121126 (20291105),ZAR,12 11 2026,12 05 2026,21 08 2026,SASRMM,OTC
JIBAR,NEDSUN161126,Nedbank Semi-annual Step-Up FRN JB3+105 161126 (20290514),ZAR,16 11 2026,14 05 2026,21 08 2026,"ADVMM,PCMMF,PMMF,PRLMMF,SABCCSHF,SISMMF,SYMMMF,UOZMMF",OTC
JIBAR,NEDSUN201126,Nedbank Semi-annual Step-Up FRN 201126 JB3+87.50 (20291120),ZAR,20 11 2026,20 05 2026,21 08 2026,"OMLMMF,SASRMM",OTC
JIBAR,NEDSUN251126,Nedbank Semi-annual Step-Up FRN JB3+57.5 251126 (20281127),ZAR,25 11 2026,25 05 2026,21 08 2026,"PCMMF,PMMF,PRLMMF,SABCCSHF,UOZMMF",OTC
JIBAR,NEDSUN301126,Nedbank Semi-annual Step-Up FRN JB3+85 301126 (20291128),ZAR,30 11 2026,28 05 2026,21 08 2026,SASRMM,OTC
JIBAR,NEDSUN071226,Nedbank Semi-annual Step-Up FRN JB3+115 071226 (20280606),ZAR,07 12 2026,08 06 2026,21 08 2026,"ADVMM,HOLMMF,OMLMMF,PCMMF,PMMF,PRLMMF,SABCCSHF,SISMMF,SYMMMF,UOZMMF",OTC
JIBAR,NEDSUN211226,Nedbank Step-Up Note Semi- Annual FRN JB3+107.5 211226 (20290620),ZAR,21 12 2026,22 06 2026,21 08 2026,"CMPFCASH,IJGMMF,OMLMMF,PMMF,SABCCSHF,SASRMM,SYMMMF,UOZMMF",OTC
JIBAR,NEDSUN211226A,Nedbank Semi-Annual Step-Up Note FRN JB3+117.5 211226 (20281221),ZAR,21 12 2026,22 06 2026,21 08 2026,"ADVMM,HOLMMF,OMLMMF,PCMMF,PRLMMF,SISMMF,UOZMMF",OTC
JIBAR,NEDSUN281226,Nedbank Step-Up Note Semi- Annual FRN JB3+117.5 281226 (20281227),ZAR,28 12 2026,29 06 2026,21 08 2026,"HOLMMF,PCSHQ,PMMF,PRLMMF,SISMMF,UOZMMF",OTC
JIBAR,H143T3,HARCOURT STREET 1 (RF) LIMITED H143T3 JB3+45 300926,ZAR,30 09 2026,30 06 2026,21 08 2026,"ADVMM,HOLMMF,OMLMMF,PMMF,PRLMMF,SASRMM,SISMMF,SYMMMF,UOZMMF",< 01 05 2026
JIBAR,H45T2U,HARCOURT STREET 1 (RF) LIMITED SBFZ03 JB3+50 300926,ZAR,30 09 2026,30 06 2026,21 08 2026,"ADVMM,HOLMMF,OMLMMF,PMMF,PRLMMF,SASRMM,SISMMF,SYMMMF",issue date unresolved
JIBAR,DVF35B,DBSA FRN DVF35B JB3+195 171035,ZAR,17 10 2035,01 07 2026,21 08 2026,PIPFP,17 Oct 25
JIBAR,DVF35C,DBSA FRN DVF35C JB3+192 201135,ZAR,20 11 2035,01 07 2026,21 08 2026,PIPFP,20 Nov 25
JIBAR,IPF34,Investec Property Fund FRN IPF31 260324 JB3+175,ZAR,15 12 2026,02 07 2026,21 08 2026,"ADVMM,HOLMMF,MASAMMF,MASASI,OMLMMF,PMMF,PRLMMF,SABCCSHF,SISMMF,SYMMMF,UOZMMF",issue date unresolved
JIBAR,NEDSUN110127,Nedbank Step-Up Note Semi- Annual FRN JB3+107.5 110127 (20290709),ZAR,11 01 2027,09 07 2026,21 08 2026,"ADVMM,HOLMMF,PMMF,PRLMMF,SASRMM,SYMMMF,UOZMMF",OTC
JIBAR,NEDSUN110127A,Nedbank Semi-annual Step-Up FRN JB3+137.5 20270111 (20270712),ZAR,11 01 2027,13 07 2026,21 08 2026,"ADVMM,HOLMMF,MASASI,OMLMMF,PCMMF,PMMF,SABCCSHF,SISMMF,SYMMMF,UOZMMF",OTC
JIBAR,NEDSUN210127,Nedbank Semi-annual Step-Up FRN JB3+47.5 20270121 (20290122),ZAR,21 01 2027,21 07 2026,21 08 2026,"HOLMMF,PCMMF,PMMF,UOZMMF",OTC
JIBAR,AH6A11,Amber House Fund FRN AH6A11 JB3+102 210829(210863),ZAR,21 08 2029,11 08 2026,21 08 2026,"AFLMMF,CCTCSH,HOLYPF,PIPF",17 Aug 26
JIBAR,AMF6B1,Amber House Fund FRN AMF6B1 JB3+129 210831(210863),ZAR,21 08 2031,11 08 2026,21 08 2026,"3BBCIINC,AMMARF,ASHFLX,BCIFIF,CMPFINC,ENGENIP,GRFINV,HOLDINC,IPIPF,MASAINC,MEDINC,MOMBBF,MYQIP,NGKINC,OMMAIF,PIPF,PORFIP,PPSFLEX,PSIF,PSTIF,PTIF,PWMIPF_P,SAAMINC,SDINCPM,SILAIF,STBFIP,UCTINC,USAIPF",17 Aug 26
JIBAR,AMF6C1,Amber House Fund FRN AMF6C1 JB3+158 210831(210863),ZAR,21 08 2031,11 08 2026,21 08 2026,"3BBCIINC,AMMARF,ASHFLX,BCIFIF,CMPFINC,ENGENIP,GRFINV,HOLDINC,IPIPF,MASAINC,MEDINC,MOMBBF,MYQIP,NGKINC,OMMAIF,PIPF,PORFIP,PPSFLEX,PSIF,PSTIF,PTIF,PWMIPF_P,SAAMINC,SDINCPM,SILAIF,STBFIP,UCTINC,USAIPF",17 Aug 26
JIBAR,AMF6D1,Amber House Fund FRN AMF6D1 JB3+245 210831(210863),ZAR,21 08 2031,11 08 2026,21 08 2026,PIPFP,17 Aug 26
JIBAR,DTP08U,Daimler Truck Southern Africa Limited DTP08U JB3+90 081126,ZAR,08 11 2026,14 08 2026,21 08 2026,"ADVMM,HOLMMF,OMLMMF,PMMF,SISMMF,SYMMMF,UOZMMF",issue date unresolved
